name,event_year,breach_size,breach_type,event_state,hq_state

Bank of America Corp.,2005,1200000,PORT,North Carolina,North Carolina

"Time Warner, Iron Mountain Inc.",2005,600000,PORT,New York,New York

American International Group (AIG),2006,930000,STAT,New York,New York

Citigroup,2010,600000,DISC,New York,New York

Automatic Data Processing (ADP),2006,,UNKN,New Jersey,New Jersey

Chevron,2006,,PORT,California,California

Hollywood Video,2010,,PHYS,Nevada,Nevada

AT&T,2006,19000,HACK,California,Texas

JP Morgan Chase & Co.,2006,2600000,PORT,Delaware,Virginia

Starbucks Corp.,2006,60080,PORT,Washington,Washington

Charles Schwab,2010,,HACK,New York,California

Bank of America,2007,,PORT,North Carolina,North Carolina

JP Morgan,2007,,PHYS,New York,New York

Science Applications International Corp. (SAIC),2007,867000,DISC,California,Virginia

Merrill Lynch,2007,33000,UNKN,New Jersey,North Carolina

Arrow Electronics,2010,4044,PORT,New York,New York

Citigroup,2007,5208,DISC,Illinois,New York

Gap Inc.,2007,800000,PORT,California,California

AT&T,2010,,INSD,Illinois,Texas

SunTrust Bank,2010,200,CARD,Georgia,Georgia

Blockbuster,2007,,PHYS,Florida,Texas

Hartford Financial Services Group,2007,230000,PORT,Connecticut,Connecticut

Commerce Bancorp,2007,,INSD,Pennsylvania,Pennsylvania

Brio Tuscan Grille in Country Club Plaza,2010,20,CARD,Missouri,Ohio

CHASE,2010,,DISC,Kentucky,New York

Forrester Research,2007,,PORT,Massachusetts,Massachusetts

Sears,2008,,DISC,Illinois,Illinois

GE Money,2008,150000,PORT,Massachusetts,New York

TransUnion,2008,400,INSD,Pennsylvania,Illinois

Bank of New York Mellon,2008,12500000,PORT,Pennsylvania,New York

Pfizer Inc,2008,800,PORT,New York,New York

SunGard,2008,,PORT,0,Pennsylvania

SAIC,2008,4690,PORT,Maryland,Virginia

Pfizer,2008,13000,PORT,New York,New York

BB&T Insurance,2008,,PORT,Virginia,North Carolina

Domino's Pizza,2008,,PHYS,Arizona,Michigan

Citibank,2008,,HACK,New York,New York

Facebook,2008,80000000,DISC,California,California

Wells Fargo,2008,5000,HACK,Minnesota,California

Liberty McDonald's Restaurant,2008,,INSD,Kentucky,Illinois

Bank of America,2010,,INSD,Florida,North Carolina

Apple Inc.,2010,120000,HACK,California,California

Cheesecake Factory,2010,,INSD,District Of Columbia,California

Principal Financial Group,2010,,HACK,Iowa,Iowa

Luxottica Group,2008,59419,HACK,Ohio,Milan

Hewlett-Packard,2008,1000,PORT,Texas,California

Wachovia Bank,2010,,INSD,Georgia,California

Merrill Lynch,2009,,STAT,New York,North Carolina

Monster.com,2009,,HACK,Massachusetts,Massachusetts

Quantum Corporation,2010,,PORT,Washington,California

AT&T,2010,,DISC,Florida,Texas

Google,2009,,DISC,California,California

Sprint,2009,,INSD,Kansas,Kansas

Comcast,2009,4000,DISC,Pennsylvania,Pennsylvania

T-Mobile USA,2009,,HACK,Washington,Washington

Blackbaud Inc.,2009,84000,PORT,South Carolina,South Carolina

"Broadridge Financial Solutions, Inc.",2009,,DISC,New Jersey,New York

AT&T,2009,2100,INSD,Illinois,Texas

Williams Cos. Inc.,2009,4400,PORT,Oklahoma,Oklahoma

Bank of America Corp.,2009,,CARD,North Carolina,North Carolina

Citigroup Inc.,2009,,CARD,New York,New York

American Express,2009,,INSD,New York,New York

ChoicePoint,2009,14023,DISC,Georgia,Georgia

Cisco Live 2010,2010,,HACK,Nevada,California

Citigroup Inc.,2010,117600,DISC,New York,New York

Marsh and Mercer,2010,378000,PORT,District Of Columbia,New York

General Motors,2010,,DISC,Michigan,Michigan

Ross,2010,200,PHYS,Texas,California

Health Net,2010,18,UNKN,California,California

Gap Inc.,2010,18,INSD,Ohio,California

US Bank,2010,,CARD,Wisconsin,Minnesota

ING,2010,,DISC,Delaware,Minnesota

CVS,2005,,DISC,Rhode Island,Rhode Island

Verizon,2005,,DISC,New York,New York

Blockbuster,2005,,PHYS,New York,Texas

Murphy USA,2010,,PHYS,Indiana,Arkansas

Sunrise Volkswagen,2005,,PHYS,New York,Virginia

Alltel Corporation,2006,,PHYS,Arkansas,Arkansas

Bear Stearns & Company Inc.,2006,,DISC,New York,New York

Countrywide Home Loans,2006,90,INSD,Texas,North Carolina

Merrill Lynch,2006,10500,PORT,New York,North Carolina

GE Money Bank,2006,150,PORT,Pennsylvania,New York

Frost Bank,2006,9300,HACK,Texas,Texas

Wolters Kluwer,2006,8500,PORT,California,Illinois

RBS National Bank,2006,1221,PORT,Connecticut,Connecticut

Verizon Wireless,2006,5210,DISC,New Jersey,New York

Wells Fargo,2006,,PORT,Tennessee,California

Hoffman-La Roche Inc,2006,26000,PORT,District Of Columbia,Indiana

"Copart, Inc.",2006,43764,HACK,California,Texas

1st Source Bank,2010,,UNKN,Indiana,Indiana

"LandAmerica Credit Services, Inc.",2006,124,HACK,California,Virginia

North Fork Bank,2006,3570,HACK,New York,Virginia

Citigroup,2006,11,PORT,Illinois,New York

Genesco Inc.,2010,,HACK,Tennessee,Tennessee

Home Depot,2010,,INSD,Florida,Georgia

Sears Holding Corporation,2006,,PORT,Florida,Illinois

KeyCorp,2006,17,DISC,Ohio,Ohio

Expedia Corporate Travel (now Egencia),2006,47,INSD,Washington,Washington

Sprint Nextel,2006,255,PORT,New Jersey,Kansas

Brunswick Corp.,2007,5100,HACK,Illinois,Illinois

"McDonald's,",2010,,HACK,Georgia,Illinois

Home Depot,2007,5563,PORT,Georgia,Georgia

Honeywell International,2007,,PORT,New Jersey,New Jersey

EZCORP,2007,,PHYS,Texas,Texas

Hewlett-Packard,2007,1425,PORT,Georgia,California

Citigroup,2007,519,PORT,Connecticut,New York

Celgene Corporation,2007,1951,PORT,New Jersey,New Jersey

Kraft Foods,2007,1446,PORT,Illinois,Illinois

Hartford Life Insurance Company,2007,526,HACK,Connecticut,Connecticut

Longs Drug Stores California Inc.,2007,,PORT,California,Rhode Island

Virgin Mobile,2007,,DISC,California,California

Oracle Corporation,2007,132,STAT,Georgia,California

Frost Bank,2007,500,UNKN,Texas,Texas

Chase Bank,2011,100,CARD,California,New York

Philips Electronics,2008,91,PORT,New Jersey,Massachusetts

Citibank,2008,1279,CARD,Texas,New York

"KBR, Inc.",2011,,PORT,Texas,Texas

JP Morgan Chase,2011,,UNKN,New York,New York

Marriott Vacation Club International,2011,,PHYS,Florida,Washington

Bank of America,2011,,DISC,North Carolina,North Carolina

FirstGroup America,2011,,PORT,Ohio,Ohio

"Loud Technologies, Inc.",2011,,STAT,Washington,Washington

American Airlines,2011,350,INSD,California,Texas

Shell,2011,3600,CARD,California,Texas

TD Bank,2011,10,INSD,New Jersey,New Jersey

Randstad Professionals,2011,,DISC,Massachusetts,Massachusetts

TripAdvisor,2011,,HACK,Massachusetts,Massachusetts

BP Global,2011,13000,PORT,Louisiana,Texas

iTunes (Apple),2011,,HACK,California,California

US Airways,2011,,INSD,Arizona,Arizona

PNC Automated Teller Machines,2011,211,CARD,Pennsylvania,Pennsylvania

Sony,2011,101600000,HACK,New York,New York

Medassets Inc.,2011,82265,PORT,Georgia,Georgia

Electronic Data Systems,2011,250,INSD,Alabama,Texas

"Citigroup, Inc.",2011,,UNKN,New York,New York

McDonald's,2011,185,INSD,Virginia,Illinois

Chase Bank,2011,950,CARD,California,New York

Lincoln National Life Insurance Company,2011,705,DISC,New York,Pennsylvania

Esteí© Lauder,2011,,PORT,New York,New York

Toshiba,2011,7971,HACK,California,California

Morgan Stanley,2011,34000,PORT,New York,New York

Lockheed Martin,2011,,HACK,Maryland,Maryland

Sega,2011,1290000,HACK,UK,California

Sony Pictures,2011,1000000,HACK,New York,New York

Citibank,2011,360000,HACK,New York,New York

Bank of America,2011,300,INSD,New York,North Carolina

SunTrust Bank,2011,,INSD,Illinois,Georgia

Netflix,2011,,INSD,California,California

Anthem Blue Cross,2011,31125,DISC,California,California

Regions Bank,2011,149,INSD,Tennessee,Alabama

Best Buy,2011,,HACK,California,Minnesota

McDonald's,2011,,INSD,Illinois,Illinois

McDonald's,2011,16,INSD,Washington,Illinois

McDonald's,2011,100,INSD,Michigan,Illinois

AT&T,2011,,HACK,Texas,Texas

PSEG,2011,,PORT,New Jersey,New Jersey

Wells Fargo,2011,,DISC,Florida,California

RIte Aid Corporation,2012,2900,PHYS,Pennsylvania,Pennsylvania

"American Express Travel Related Services Company, Inc. (AXP)",2012,27257,CARD,California,New York

Staples (Staples Business Depot),2012,50,INSD,New York,Massachusetts

Windstream,2012,,INSD,North Carolina,Arkansas

Aaron's,2011,1008,STAT,California,Georgia

Burger King,2012,30,INSD,Oregon,Florida

H&R Block,2012,,INSD,California,Missouri

Under Armour Inc.,2012,,PORT,Maryland,Washington

Choice Hotels Internationals,2012,,DISC,Maryland,Maryland

"Rackspace, Incorporating Services, Ltd.",2012,,HACK,Delaware,Texas

Ford-Motor,2012,,HACK,Michigan,Michigan

Key Bank,2012,2937,INSD,Oregon,Ohio

Capital One Bank,2012,,INSD,Texas,Virginia

Comcast,2012,294,HACK,Pennsylvania,Pennsylvania

LinkedIn.com,2012,167000000,HACK,California,California

The Home Depot,2012,36,INSD,Georgia,Georgia

McDonald's,2012,,INSD,Illinois,Illinois

Groupon,2012,170,DISC,Illinois,Illinois

Yahoo! Voices,2012,453492,HACK,California,California

Nvidia,2012,400000,HACK,California,California

Citibank,2012,,HACK,New York,New York

Yamaha Commercial Audio Systems,2012,1755,HACK,Ohio,California

"Patriot Self Storage (CubeSmart Management, LLC)",2012,,PHYS,Massachusetts,Pennsylvania

Apple,2012,1000000,HACK,California,California

TD Bank,2012,260000,PORT,New Jersey,New Jersey

T-Mobile,2012,44,HACK,Washington,Washington

Barnes & Noble,2012,,CARD,New York,New York

Adobe,2012,230,HACK,California,California

FEI Company,2012,,PORT,Oregon,Oregon

"Pinnacle Foods Group, LLC",2012,1818,PORT,Wisconsin,New Jersey

The New York Times,2013,,HACK,New York,New York

McDonald's,2013,,INSD,Georgia,Illinois

Walgreens,2013,,INSD,Kentucky,Illinois

Express Scripts,2013,,DISC,Missouri,Missouri

J.P. Morgan Chase,2013,6000,CARD,New York,New York

"Information Handling Services, Inc. (IHS)",2013,8500,HACK,Colorado,Colorado

"TD Bank, N.A.",2013,,PORT,New Jersey,New Jersey

"The Prudential Insurance Company of America, Unisys",2013,,DISC,New Jersey,New Jersey

"Stanley Black & Decker, Inc.",2013,,PORT,Connecticut,Connecticut

Facebook,2013,,HACK,California,California

Microsoft,2013,,HACK,Washington,New Mexico

Apple,2013,,HACK,California,California

"Advanced Micro Devices (AMD), Nvidia",2013,,INSD,California,California

Intel,2012,,INSD,Massachusetts,California

Comfort Inn and Suites,2013,,INSD,Missouri,Maryland

"The Finish Line, Inc.",2013,,PORT,Indiana,Indiana

"Rollins, Inc.",2013,,DISC,Georgia,Georgia

Citi,2013,,DISC,Texas,New York

American Express,2013,,HACK,Texas,New York

Computer Sciences Corporation,2013,,PORT,North Carolina,Virginia

American Express,2013,,HACK,New York,New York

JPMorgan Chase,2013,,HACK,New York,New York

Sears,2013,788,PORT,Arkansas,Illinois

Macy's,2013,,DISC,Indiana,New York

Iberdola USA,2013,5100,HACK,Maine,Maine

Goldman Sachs,2013,,DISC,New York,New York

Adobe,2013,160000,HACK,Washington,California

comScore,2013,,DISC,Virginia,Virginia

Facebook,2013,6000000,DISC,California,California

Citi Prepaid Services,2013,,DISC,New York,New York

Apple Inc.,2013,,HACK,California,California

NASDAQ.com,2013,,HACK,New York,New York

NASDAQ OMX Group Inc.,2013,,INSD,New York,New York

Citigroup,2013,146000,DISC,New York,New York

Wal-Mart,2013,,CARD,Oklahoma,Arkansas

Exelixis,2013,,PORT,California,California

Northrop Grunman,2013,70000,HACK,Georgia,Virginia

The New York Times,2013,,HACK,New York,New York

Gap,2013,20,DISC,California,California

Google Chrome,2013,,DISC,California,California

Adobe,2013,2900000,HACK,California,California

Denny's,2013,200,PHYS,Arizona,California

JP Morgan Chase,2013,,DISC,New York,New York

Crown Castle International Corp,2013,,HACK,Pennsylvania,Texas

Facebook,2013,2000000,HACK,California,California

JPMorgan Chase,2013,465000,HACK,New York,New York

"B&G Foods North America, Inc.",2013,,HACK,Vermont,Vermont

Discover Financial Services,2013,,UNKN,Illinois,Illinois

Target Corp.,2013,40000000,HACK,Minnesota,Minnesota

Discover Financial Services,2013,,UNKN,Illinois,Illinois

American Express Company,2013,,UNKN,New York,New York

Coca-Cola Company,2014,,PORT,Georgia,Georgia

Apple,2014,,HACK,California,California

Sears,2014,,HACK,Illinois,Illinois

Sally Beauty Supply,2014,25000,HACK,Texas,Texas

Smucker's,2014,,HACK,Ohio,Ohio

Capital One,2014,,INSD,Utah,Virginia

Alaska Communications,2014,,HACK,Alaska,Alaska

American Express Company,2014,,CARD,New York,New York

NCO Financial Systems Inc.,2014,,DISC,Pennsylvania,Pennsylvania

Lowe's,2014,,DISC,North Carolina,North Carolina

Ebay,2014,145000000,HACK,California,California

AutoNation Toyota of South Austin,2014,,HACK,Texas,California

Lowes Corporation,2014,35000,DISC,North Carolina,North Carolina

"AT&T Mobility, LLC",2014,,INSD,Missouri,Texas

Hanover Foods Corporation,2014,5867,DISC,Pennsylvania,Pennsylvania

Goldman Sachs,2014,,DISC,New York,New York

Boeing,2014,,HACK,Washington,Illinois

Lockheed Martin,2014,,HACK,Texas,Maryland

Aecom,2014,,HACK,California,California

Bank of America,2014,,DISC,Maryland,North Carolina

Rite Aid Pharmacy,2014,521,PHYS,Washington,Pennsylvania

Albertsons/AB Acquisitions LLC,2014,,HACK,Idaho,Idaho

Supervalue,2014,,HACK,Minnesota,Minnesota

J.P Morgan Chase,2014,76000000,HACK,New York,New York

Apple,2014,,HACK,California,California

The Home Depot,2014,56000000,HACK,Georgia,Georgia

Albertson's LLC,2014,,HACK,Washington,Idaho

AT&T,2014,1600,INSD,Texas,Texas

Sears,2014,,HACK,Illinois,Illinois

Staples Inc.,2014,1200000,HACK,Massachusetts,Massachusetts

Fidelity National Financial,2014,,HACK,Florida,Florida

Sony Pictures,2014,47000,HACK,New York,New York

Emcor Services Mesa Energy Systems,2014,,PORT,California,California

Microsoft xBox,2014,,HACK,Washington,Washington

Morgan Stanley,2015,350000,INSD,New York,New York

Mandarin Oriental Hotel Group,2015,,HACK,New York,New York

"Wal-Mart, Sam's Club",2010,117,HACK,Arkansas,Arkansas

Science Applications International Corp. (SAIC),2005,45000,STAT,California,Virginia

"DSW Shoe Warehouse, Retail Ventures",2005,1400000,HACK,Ohio,Ohio

"Polo Ralph Lauren, HSBC",2005,180000,HACK,New York,New York

TD Ameritrade,2005,200000,PORT,Nebraska,Nebraska

Motorola,2005,,STAT,Illinois,Illinois

"Citigroup, UPS",2005,3900000,PORT,New York,New York

JP Morgan Chase & Co.,2005,,PORT,Texas,New York

North Fork Bank (now Capital One Bank),2005,9000,PORT,New York,Virginia

RBC Dain Rauscher,2005,300000,INSD,Minnesota,Toronto

"Sam's Club, a division of Wal-Mart Stores, Inc",2005,,UNKN,Arkansas,Arkansas

"Guidance Software, Inc.",2005,3800,HACK,California,California

Ford Motor Co.,2005,70000,STAT,Michigan,Michigan

FedEx,2006,1100,DISC,California,Tennessee

Honeywell International,2006,19000,UNKN,New Jersey,New Jersey

General Motors (GM),2006,100,INSD,Michigan,Michigan

Con Edison,2006,15000,PORT,New York,New York

"Ahold USA, parent company of Stop & Shop, Giant stores and Tops stores via  subcontractor Electronic Data Systems (EDS)",2006,92000,PORT,Maryland,Amsterdam

Union Pacific,2006,30000,PORT,Nebraska,Nebraska

"ING U.S. Financial Services, Jackson Health System",2006,13000,PORT,Florida,Amsterdam

Equifax,2006,2500,PORT,Georgia,Georgia

AllState Insurance Huntsville branch,2006,27000,STAT,Alabama,Illinois

"Nelnet Inc., UPS",2006,188000,PORT,Nebraska,Nebraska

"Armstrong World Industries, Deloitte & Touche",2006,12000,PORT,Pennsylvania,Pennsylvania

Equifax,2010,35,DISC,Georgia,Georgia

Dollar Tree,2006,,HACK,California,Virginia

Toyota,2006,1500,PORT,Texas,California

American Online (AOL),2006,650000,DISC,New York,New York

Dominion Resources,2006,,PORT,Virginia,Virginia

"Diebold, Inc., GE Capital",2006,,PORT,Ohio,Ohio

H&R Block,2010,60,INSD,Illinois,Missouri

Movie Gallery US,2006,3800,PHYS,North Carolina,Oregon

T-Mobile USA Inc.,2006,43000,PORT,Washington,Washington

"Hilb, Rogal & Hobbs, Villanova University",2006,1243,PORT,Pennsylvania,Virginia

"Hertz Global Holdings, Inc.",2006,,INSD,Oklahoma,Florida

Wesco,2006,,CARD,Michigan,Pennsylvania

AT&T/Ferrell Communication,2010,,DISC,Florida,Texas

BMO Harris Bank,2012,,PORT,Wisconsin,Toronto

H&R Block,2005,,DISC,Missouri,Missouri

Boeing,2006,382000,PORT,Washington,Illinois

MoneyGram International,2007,79000,HACK,Minnesota,Texas

"TJ stores (TJX), including TJMaxx, Marshalls, Winners, HomeSense, AJWright,  KMaxx, and possibly Bob's Stores in U.S. & Puerto Rico -- Winners and HomeGoods stores in Canada -- and possibly TKMaxx stores in UK and Ireland",2007,100000000,HACK,Massachusetts,Massachusetts

KB Home,2007,2700,STAT,South Carolina,Michigan

Piper Jaffrey,2007,1000,DISC,Minnesota,Minnesota

Applied Micro Circuits Corporation,2011,,PORT,California,California

Science Applications International Corp. (SAIC),2007,,PHYS,Idaho,Idaho

RadioShack,2007,,PHYS,Texas,Texas

Google Ads,2007,,HACK,California,California

"Caterpillar, Inc., SBA Inc.",2007,,PORT,Illinois,Illinois

Alcatel-Lucent,2007,,PORT,New Jersey,France

Fidelity National Information Services/Certegy Check Services Inc.,2007,8500000,INSD,Florida,Florida

Lam Research Corp.,2010,,PORT,California,California

Prudential Financial Inc.,2006,1000,DISC,New Jersey,New Jersey

Western Union,2007,20000,HACK,Colorado,Colorado

Netflix,2010,100000000,UNKN,California,California

Verisign,2007,,PORT,California,Virginia

Electronic Data Systems,2007,498,INSD,Alabama,Texas

Monster.com,2007,146000,HACK,Massachusetts,Massachusetts

TD Ameritrade Holding Corp.,2007,6300000,HACK,Nebraska,Nebraska

Semtech,2007,,PORT,California,California

Home Depot,2007,10000,PORT,Massachusetts,Georgia

Lincoln National Corporation (Lincoln Financial),2010,1200000,INSD,Pennsylvania,Pennsylvania

Lexmark International,2008,,DISC,Kentucky,Kentucky

Kraft Foods,2008,20000,PORT,Illinois,Illinois

Agilent Technologies,2008,51000,PORT,California,California

Advance Auto Parts,2008,56000,HACK,Virginia,Virginia

"Harley-Davidson, Inc. (HOG)",2008,60000,PORT,Wisconsin,Wisconsin

WellPoint,2008,128000,DISC,Indiana,Indiana

People's United Bank,2008,,PHYS,Connecticut,Connecticut

Brunswick Corp.,2008,700,STAT,Illinois,Illinois

Nuance Communications Inc.,2010,1191,PORT,Massachusetts,Massachusetts

"State Street Corp, Investors Financial Services",2008,45500,STAT,Massachusetts,Massachusetts

AT&T,2008,,PORT,Texas,Texas

1st Source Bank,2008,,HACK,Indiana,Indiana

Digital River Inc.,2010,200000,HACK,Minnesota,Minnesota

Aetna,2010,6372,PHYS,Connecticut,Connecticut

Bristol-Myers Squibb,2008,42000,PORT,Florida,New York

Charter Communications,2008,9000,PORT,South Carolina,Missouri

Wachovia Bank,2008,,CARD,Florida,California

Express Scripts,2008,700000,UNKN,Missouri,Missouri

Starbucks Corp.,2008,97000,PORT,Washington,Washington

Lincoln Financial Group,2010,1286,DISC,Pennsylvania,Pennsylvania

Pulte Homes Las Vegas Division,2008,16000,PHYS,Nevada,Nevada

Wells Fargo,2010,1023,INSD,California,California

"Innodata Isogen, Inc.",2009,,PORT,New Jersey,New Jersey

Occidental Petroleum Corporation,2009,,INSD,Texas,Texas

Heartland Payment Systems,2009,130000000,HACK,New Jersey,New Jersey

Symantec,2009,200,INSD,California,California

Aviva,2009,550,HACK,New Hampshire,London

AMR Corporation,2010,79000,STAT,Texas,Texas

NBTY,2010,,DISC,New York,New York

Lincoln National Life Insurance,2010,26840,DISC,Pennsylvania,Pennsylvania

Rite Aid Corporation,2010,,PHYS,Pennsylvania,Pennsylvania

"Humana Inc, Matrix Imaging",2010,2631,PHYS,Kentucky,Kentucky

HSBC Bank Nevada,2010,14,UNKN,New York,New York

Jones Lang LaSalle,2010,20,PORT,Illinois,Illinois

Sprint,2010,,INSD,Kansas,Kansas

Cheesecake Factory,2010,,INSD,New York,California

"Cheesecake Factory, PGA Tour Grill, Outback Steakhouse",2010,,INSD,District Of Columbia,California

JP Morgan Chase Bank,2010,,CARD,New York,New York

RBC Bank,2010,,INSD,Florida,Florida

Marriott International Inc.,2005,206000,PORT,Florida,Maryland

Aflac,2006,,PORT,Georgia,Georgia

"Sears, Roebuck, Company Contractor Compliance",2006,196,DISC,Florida,Illinois

ARAMARK Corporation,2006,6028,PORT,Georgia,Pennsylvania

"Group 1 Automotive Inc, Weinstein Spira & Company, P.C.",2006,14000,PORT,Texas,Texas

Sprint Nextel,2007,1608,PORT,North Carolina,Kansas

"Fidelity National Information Services, Fidelity National Financial",2007,111,PORT,Florida,Florida

American Honda Motor Company,2010,4900000,HACK,California,California

Wal-Mart Stores Inc.,2007,48686,INSD,Arkansas,Arkansas

"Lincoln Financial Group, Lincoln National Life Insurance Company, Lincoln Life and Annuity Company of New York",2011,91763,DISC,New York,Pennsylvania

"Automatic Data Processing (ADP), A.W. Hastings'",2011,,PORT,California,New Jersey

Coca-Cola Company Family Federal Credit Union,2012,13800,PORT,Georgia,Georgia

CVS Caremark,2012,3482,DISC,Rhode Island,Rhode Island

Global Payments Inc.,2012,7000000,CARD,Georgia,Georgia

Pacific Gas and Electric (PG&E),2012,100,PHYS,California,California

McDonald's,2012,282,INSD,Oklahoma,Illinois

Sears Portrait Studio,2012,,PHYS,Ohio,Illinois

General Motors Co.,2012,883,INSD,Michigan,Michigan

"Valley National Bank, American Stock Transfer and Trust Company, LLC",2012,,DISC,New York,New Jersey

"Intel, Inc.",2012,,HACK,California,California

"Lincoln Financial Securities Corporation, Red Boat Advisor Resources",2012,4657,HACK,New Hampshire,Pennsylvania

Rite Aid Corporation,2012,,DISC,Pennsylvania,Pennsylvania

Equifax,2012,17000,DISC,Georgia,Georgia

Walgreens,2012,,PHYS,California,Illinois

Twitter,2013,250000,HACK,California,California

"US Airways, McKesson, City of Houston, Automatic Data Processing (ADP), AlliedBarton Security Services",2013,4500,DISC,Arizona,Arizona

US Airways Group,2013,7700,HACK,Arizona,Arizona

Republic Services,2013,82160,PORT,Arizona,Arizona

The Home Depot,2014,30000,INSD,Georgia,Georgia

Discover Financial Services,2014,,CARD,Utah,Illinois

American Express,2014,,HACK,New York,New York

Dominion Resources Inc.,2014,1700,HACK,Virginia,Virginia

CVS/Caremark,2014,350,DISC,Georgia,Rhode Island

"MeetMe, Inc.",2014,,HACK,Pennsylvania,Pennsylvania

Anthem Blue Cross,2014,,DISC,California,California

Sony PlayStation,2014,,HACK,New York,New York

NVIDIA Corporation,2015,,HACK,California,California

Eastman Kodak,2005,5800,PORT,New York,New York

"LandAmerica Credit Services, Inc., Diversified Capital",2006,124,HACK,California,Virginia

Starbucks Corp.,2006,60080,PORT,Washington,Washington

State of Texas,2011,3500000,DISC,TX,TX

Educational Credit Management Corporation,2010,3300000,PORT,MN,MN

UK Driving Standards Agency,2007,3000000,PORT,UK,UK

Iranian banks,2012,3000000,HACK,Iran,Iran

Michaels,2014,3000000,HACK,TX,TX

Countrywide Financial Corp,2006,2600000,INSD,CA,CA

JP Morgan Chase,2010,2600000,PORT,NY,NY

Countrywide Financial Corp,2011,2500000,INSD,CA,CA

Funimation,2016,2500000,HACK,TX,TX

AOL,2014,2400000,HACK,VA,VA

Betfair,2010,2300000,HACK,UK,UK

Patreon,2015,2300000,HACK,CA,CA

21st Century Oncology,2016,2200000,HACK,FL,FL

University of Utah Hospital & Clinics,2008,2200000,PORT,UT,UT

University of Miami,2008,2100000,PORT,FL,FL

Ubuntu,2013,2000000,HACK,UK,UK

Vodafone,2013,2000000,INSD,Germany,UK

Bell Canada,2017,1900000,HACK,Canada,Canada

Health Net,2011,1900000,PORT,CA,CA

New York State Electric & Gas,2012,1800000,INSD,NY,NY

New York City Health & Hospitals Corp.,2010,1700000,PORT,NY,NY

UK Ministry of Defence,2008,1700000,PORT,UK,UK

Jefferson County,2008,1600000,DISC,WV,WV

Monster.com,2007,1600000,HACK,MA,MA

Facebook,2019,1500000,DISC,CA,CA

Gawker,2010,1500000,HACK,NY,NY

KM.RU,2016,1500000,HACK,Russia,Russia

Nival Networks,2016,1500000,HACK,Russia,Russia

RBS Worldpay,2008,1500000,HACK,GA,GA

SingHealth,2018,1500000,HACK,Singapore,Singapore

Verizon Communications,2016,1500000,HACK,NY/NJ,NY

DSW Inc.,2005,1400000,HACK,OH,OH

Walmart,2015,1300000,HACK,AR,AR

Sega,2011,1290755,HACK,CA,CA

Washington Post,2011,1270000,HACK,DC,DC

AvMedInc.,2009,1220000,PORT,FL,FL

Bank of America,2005,1200000,PORT,NC,NC

CareFirst BlueCross BlueShield,2015,1100000,HACK,MD,MD

Neiman Marcus,2014,1100000,HACK,TX,TX

Nemours Foundation,2011,1055489,PORT,FL,FL

BlueCross BlueShield of Tennessee,2009,1023209,PORT,TN,TN

Compass Bank,2007,1000000,INSD,AL,AL

Drupal,2013,1000000,HACK,OR,OR

Dun & Bradstreet,2013,1000000,HACK,NJ,NJ

Kroll Background America,2013,1000000,HACK,NY,NY    

LexisNexis,2014,1000000,HACK,OH,OH

Sony Pictures,2011,1000000,HACK,CA,CA

Google Plus,2018,500000,HACK,CA,CA

Health Net,2009,500000,PORT,CA,CA

Scribd,2013,500000,HACK,CA,CA

Slack,2015,500000,HACK,CA,CA

Japanet Takata,2004,510000,INSD,Japan,Japan

Eisenhower Medical Center,2011,514330,PORT,CA,CA

Puerto Rico Department of Health,2010,515000,HACK,PR,PR

Virginia Prescription Monitoring Program,2009,531400,HACK,VA,VA

Network Solutions,2009,573000,HACK,VA,VA

Domino's Pizza (France),2014,600000,HACK,France,France

Internal Revenue Service,2015,720000,HACK,DC,DC

Ohio State University,2010,760000,HACK,OH,OH

US Medicaid,2012,780000,HACK,Multiple,MD

California Department of Child Support Services,2012,800000,PORT,CA,CA

Gap Inc.,2007,800000,PORT,CA,CA

South Shore Hospital,2010,800000,PORT,MA,MA

Health Sciences Authority (Singapore),2019,800000,HACK,Singapore,Singapore

MacRumors.com,2014,860000,HACK,VA,VA

Orbitz,2018,880000,HACK,IL,IL

Virgin Media,2020,900000,DISC,UK,UK

Stratfor,2011,935000,DISC,TX,TX

Mitsubishi Tokyo UFJ Bank,2006,960000,INSD,Japan,Japan